/*==============================================================*/
/*               Inserción de datos: Tabla Tienda               */
/*==============================================================*/

insert into tienda values ('201', 'Matriz Única', 'Guayaquil');
insert into tienda values ('202', 'Sucursal A', 'Quito');
insert into tienda values ('203', 'Sucursal B', 'Quito');
insert into tienda values ('204', 'Sucursal C', 'Quito');
insert into tienda values ('205', 'Sucursal D', 'Cuenca');
insert into tienda values ('206', 'Sucursal E', 'Cuenca');
insert into tienda values ('207', 'Sucursal F', 'Cuenca');
insert into tienda values ('208', 'Sucursal G', 'Portoviejo');
insert into tienda values ('209', 'Sucursal H', 'Portoviejo');
insert into tienda values ('210', 'Sucursal I', 'Manta');
insert into tienda values ('211', 'Sucursal J', 'Manta');
insert into tienda values ('212', 'Sucursal K', 'Esmeraldas');
insert into tienda values ('213', 'Sucursal L', 'Machala ');
insert into tienda values ('214', 'Sucursal M', 'Santo Domingo');
insert into tienda values ('215', 'Sucursal N', 'Ambato');
	  
/*==============================================================*/
/*                Inserción de datos: Tabla Asesor              */
/*==============================================================*/

insert into asesor values ('10010', '210', '0603474990', 'José', 'Rodríguez', 'Cdla. Urdesa. Bálsamos 504, Guayaquil, Guayas', '0991817412', '20/08/2012');
insert into asesor values ('10012', '213', '1001225307', 'Eddie', 'Benítez', 'Ed. Torre Centro 9no Piso 9030, Manta, Manabí', '0961939905', '11/04/2017');
insert into asesor values ('10014', '205', '0911567009', 'Junior', 'Mendoza', 'Esmeraldas 1601 y Sucre, Guayaquil, Guayas', '0982805308', '31/10/2006');
insert into asesor values ('10016', '201', '1711178267', 'Carlota', 'Pérez', 'L Cordero 10-25 y G Colombia, Cuenca, Azuay', '0973049744', '31/10/2005');
insert into asesor values ('10018', '203', '1709675167', 'Maribel', 'Herrera', 'Psje. Godoy E1-70 E Isaac Albuñiz, Quito, Pichincha', '0997401559', '12/05/2020');
insert into asesor values ('10020', '201', '1708904287', 'Andrés', 'Soler', 'Calle 12 de Marzo fte. Hosp. Reg, Portoviejo, Manabí', '0994263325', '22/07/2007');
insert into asesor values ('10022', '201', '1710046499', 'Gabriela', 'Gómez', 'Av. Tarqui N15-26 y Estrada, Quito, Pichincha', '0991514609', '04/11/2005');
insert into asesor values ('10024', '210', '1713557617', 'Esteban', 'Gutiérrez', 'Colón 2004 y Los Ríos, Guayaquil, Guayas', '0990498843', '12/12/2011');
insert into asesor values ('10026', '211', '1704962644', 'Jorge', 'Correa', 'Av. Occidental Oe6-221, Diagonal Al Diario Hoy El Condado, Quito, Pichincha', '0998374871', '25/02/2018');
insert into asesor values ('10028', '213', '1711158970', 'Carlos', 'Correa', 'Av. Quito 4410 y R Avilés, Guayaquil, Guayas', '0999872028', '14/03/2006');
insert into asesor values ('10030', '202', '0400667739', 'Esteban', 'Loor', 'Av. 10 de Agosto 2730 y Orellana 3038, Quito, Pichincha', '0957027392', '02/02/2019');
insert into asesor values ('10032', '204', '1706527965', 'Isabel', 'Macías', 'Alb. X Etp Av 2da Mz 256-A Sl 56, Guayaquil, Guayas', '0967455416', '30/06/2018');
insert into asesor values ('10034', '204', '1101994125', 'Damián', 'Sánchez', 'Av. Las Monjas 10 y Carlos Julio Arosemena Km. 2.5, Guayaquil, Guayas', '0999439071', '14/08/2017');
insert into asesor values ('10036', '203', '0600497697', 'Jorge', 'Terán', 'Bolivar 1518 y Lalama, Ambato, Tungurahua', '0950820617', '17/12/2010');
insert into asesor values ('10038', '201', '0200893709', 'Manuel', 'Altuve', 'Cli. Ochoa Av. Quito y Riobamba, Quito, Pichincha', '0981014941', '24/01/2007');
insert into asesor values ('10040', '201', '1714236377', 'Joshua', 'Arango', 'Cdla Albatros Av Miguel H Alcívar y C L Plaza Dañín, Guayaquil, Guayas', '0960277853', '31/07/2015');
insert into asesor values ('10042', '215', '1719361808', 'Cristóbal', 'Escobar', 'Juan Molineros Lt.5 Y Av. Eloy Alfaro 10012, Quito, Pichincha', '0981726595', '11/05/2016');
insert into asesor values ('10044', '214', '1716045172', 'Carolina', 'De La Rosa', 'Pedro Carbo 555 y Luque, Guayaquil, Guayas', '0995884373', '08/02/2020');
insert into asesor values ('10046', '207', '0400125502', 'Alexander', 'Santamaría', 'Av de las Américas 406, Ofic 19, Guayaquil, Guayas', '0954261818', '23/09/2014');
insert into asesor values ('10048', '201', '1705120614', 'Alex', 'DOnofrio', 'Aceitunos E5-90 y Av. Eloy Alfaro, Quito, Pichincha', '0993522658', '21/11/2011');
insert into asesor values ('10050', '201', '1714988456', 'Bruno', 'Riquelme', 'Vía a Baños frente al Colegio Borja Edificio HC Metal, Cuenca, Azuay', '0994709349', '29/05/2014');
insert into asesor values ('10052', '206', '1703718195', 'Carlos', 'Sainz', 'Cdla. Jaime Roldós A. Mz. 18 solar 10, Guayaquil, Guayas', '0951534639', '11/12/2008');
insert into asesor values ('10054', '207', '1725187058', 'Roberto', 'Merhi', 'Naula Oe6-262 y Otero, Quito, Pichincha', '0954050724', '17/03/2016');
insert into asesor values ('10056', '208', '1304098191', 'Tatiana', 'Montoya', 'Alcedo 2437, Guayaquil, Guayas', '0974119397', '06/07/2006');
insert into asesor values ('10058', '205', '0401092424', 'Johnny', 'Cecotto', 'Independencia 128 y Bombona, Quito, Pichincha', '0984757654', '09/04/2015');
insert into asesor values ('10060', '201', '1304560909', 'Juan Pablo', 'Montoya', 'Mercadillo e/ José María Peña y Ramón Pinto, Loja', '0953394904', '28/01/2013');
insert into asesor values ('10062', '201', '1702174921', 'Felipe', 'Massa', 'Av. 9 de Octubre 729 y Boyacá, Guayaquil, Guayas', '0972072380', '28/04/2010');
insert into asesor values ('10064', '211', '1305667101', 'Emerson', 'Rodríguez', 'Gran Colombia 6-59 y Borrero Hotel Casino Presidente, Cuenca, Azuay', '0997859948', '11/11/2014');
insert into asesor values ('10066', '201', '0960909731', 'Lucas', 'Cabrera', 'Calle Vozandes 260 y Av. América, Quito, Pichincha', '0997814413', '07/01/2015');
insert into asesor values ('10068', '212', '1001414560', 'Jorge', 'Tapia', 'Rocafuerte No. 726 Y Mendiburo, Guayaquil, Guayas', '0999691976', '06/03/2017');
insert into asesor values ('10070', '202', '1728652992', 'Gonzalo', 'Escobar', 'P. Aguirre 9-67 / 9-83, Cuenca, Azuay', '0956658788', '05/06/2015');
insert into asesor values ('10072', '201', '0405890274', 'Luis', 'Herrera', 'Humberto Fierro Y Chile, Cayambe', '0962675438', '14/02/2021');
insert into asesor values ('10074', '203', '1700826384', 'Lionel', 'Navarrete', 'Los Ríos 705 y Primero de Mayo, Guayaquil, Guayas', '0997901425', '19/07/2014');
insert into asesor values ('10076', '201', '0965900012', 'Daniel', 'García', 'Av. Juan Tanca Marengo Km 3 1/2, Guayaquil, Guayas', '0992818296', '09/07/2018');
insert into asesor values ('10078', '202', '1309127301', 'Leonardo', 'Rojas', 'La Pinta 236 y La Rabida, Quito, Pichincha', '0983683858', '13/11/2015');
insert into asesor values ('10080', '201', '1721119022', 'Ignacio', 'Redondo', 'Chile 702 y Sucre, Guayaquil, Guayas', '0998925589', '13/12/2019');
insert into asesor values ('10082', '201', '1101733762', 'Christopher', 'Andrade', 'Letamendi 203 E Alfaro, Guayaquil, Guayas', '0995859963', '22/03/2019');
insert into asesor values ('10084', '202', '1718755703', 'Nancy', 'Cevallos', 'Borrero 9-57 E/ Gran Colombia y Bolívar, Cuenca, Azuay', '0950324351', '15/03/2019');
insert into asesor values ('10086', '202', '1707169148', 'Jeremías', 'Pincay', 'Coop. Sta M. Del Vergel, Cuenca, Azuay', '0969297835', '26/01/2019');
insert into asesor values ('10088', '211', '1002360996', 'Felipe', 'González', 'Boussingault E11-116 y Gonzales Suárez, Quito, Pichincha', '0987823936', '21/03/2008');
insert into asesor values ('10090', '210', '0501827448', 'Johnny', 'Cueto', 'Gral Torres 9-66 y Gran Colombia, Cuenca, Azuay', '0992542443', '25/04/2008');
insert into asesor values ('10092', '201', '1713698825', 'César', 'Farías', 'Av. del Estadio 1-130 y Roberto Crespo, Cuenca, Azuay', '0951675299', '18/08/2015');
insert into asesor values ('10094', '209', '0602380651', 'Miguel', 'Ferrari', 'Argentina 941, Guayaquil, Guayas', '0966217404', '15/01/2017');
insert into asesor values ('10096', '209', '1712749082', 'Andrés', 'Sucre', 'Av. Walter Andrade E/ Segunda y Tercera, Quevedo, Los Ríos', '0975189955', '04/07/2019');
insert into asesor values ('10098', '201', '1900101849', 'Rodrigo', 'Gonsalves', 'Ayacucho 907 y 7ma Norte, Guayaquil, Guayas', '0994958519', '12/07/2009');
insert into asesor values ('10100', '201', '2100199773', 'Carlos', 'Belloso', 'Elia Liut junto al Aeropuerto, Cuenca, Azuay', '0990986061', '12/03/2020');
insert into asesor values ('10102', '201', '2100417845', 'Juan', 'Sucre', 'Manuel Larrea 17279 y Asunción, Quito, Pichincha', '0997667687', '07/06/2019');
insert into asesor values ('10104', '208', '2100662671', 'Luis', 'Jiménez', 'Avs. Atahualpa Oe1-109 y 10 de Agosto, Quito, Pichincha', '0974426926', '06/05/2015');
insert into asesor values ('10106', '208', '2200204580', 'Francisco', 'Peña', 'Pto. Maritimo Av. 25 De Julio, Guayaquil, Guayas', '0956376136', '23/11/2012');
insert into asesor values ('10108', '201', '1304089126', 'Milagros', 'Álvarez', 'Atarazana Mz.a-3 V15, Guayaquil, Guayas', '0980323728', '17/01/2012');

/*==============================================================*/
/*                Inserción de datos: Tabla Cliente             */
/*==============================================================*/

insert into cliente values ('1004', '1724567321', 'Sergio', 'Gavilán', 'Panamá 300 y Padre Aguirre, Guayaquil, Guayas', '0962400264');
insert into cliente values ('1007', '0965432195', 'Felix', 'Garcés', 'Calle Modelo, Esmeraldas', '0952957436');
insert into cliente values ('1010', '1709785073', 'Pedro', 'De La Rosa', '12 de Octubre, Portoviejo, Manabí', '0992961909');
insert into cliente values ('1013', '0801774639', 'Ander', 'Macías', 'Bernardo de Legarda, Quito, Pichincha', '0969742197');
insert into cliente values ('1016', '1802032522', 'Gabriel', 'Rosales', 'Ramón Pinto, Loja', '0975776240');
insert into cliente values ('1019', '1000781151', 'José Manuel', 'Rey', 'Carlos Bustamante 5792, Quito, Pichincha', '0997172379');
insert into cliente values ('1022', '1802032522', 'Fernando', 'Alonso', 'Av. Chile y Calle Octava, Portoviejo, Manabí', '0988366264');
insert into cliente values ('1025', '1307581522', 'Isabel', 'Loor', 'Calle 11, Av. 19, Manta, Manabí', '0992852734');
insert into cliente values ('1028', '1103017834', 'Gabriela', 'Marques', 'Calle Efraín Álava Loor, Manta, Manabí', '0975161950');
insert into cliente values ('1031', '0915282451', 'Pastor', 'Maldonado', 'Calle Alamos, Portoviejo, Manabí', '0994133783');
insert into cliente values ('1034', '1306218072', 'Robert', 'Trujillo', 'Calle Eloy Monje, Cuenca, Azuay', '0953007465');
insert into cliente values ('1037', '1709739575', 'Daniel', 'Robles', 'Calle 309, Av. 222, Manta, Manabí', '0992743960');
insert into cliente values ('1040', '0700695123', 'Ligia', 'Bonifacio', 'Av. Del Toril, Cuenca, Azuay', '0969590617');
insert into cliente values ('1043', '1728546102', 'Andrea', 'Bonavente', 'Flavio Alfaro y Quito, Quito, Pichincha', '0970436422');
insert into cliente values ('1046', '1710928071', 'Elías', 'Flores', 'Amazonas N39-82 y Pereira, Quito, Pichincha', '0952974031');
insert into cliente values ('1049', '0961095868', 'Rodolfo', 'Bustamante', 'Av. 10 de Agosto N30-150 y Cuero y Caicedo, Quito, Pichincha', '0991092459');
insert into cliente values ('1052', '1304521049', 'Benito', 'Floro', 'Av Universitaria y César Chávez Cañarte, Portoviejo, Manabí', '0957137292');
insert into cliente values ('1055', '1726109743', 'Clara', 'Rosales', 'Pdte. Córdova 3-30 y Vargas Machuca, Cuenca, Azuay', '0981233210');
insert into cliente values ('1058', '0918028402', 'Byron', 'Roldán', 'Andalucía N 34-63 Edif. Condefec, Quito, Pichincha', '0972226688');
insert into cliente values ('1061', '1309487110', 'Mireya', 'Rodríguez', 'Venezuela N9-09 Y Esmeraldas, Quito, Pinchincha', '0994723040');

/*==============================================================*/
/*        Inserción de datos: Tabla Servicio de Mudanza         */
/*==============================================================*/

insert into servicio_mudanza values ('501', '10014', '45 Kg', '14500', '27/11/2015 11:25:00.59', '27/11/2015 20:30:00.59', 'Guayaquil');
insert into servicio_mudanza values ('503', '10024', '35 Kg', '17500', '13/12/2015 09:00:00.59', '13/12/2015 13:30:00.59', 'Cuenca');
insert into servicio_mudanza values ('505', '10038', '58 Kg', '33000', '17/03/2016 07:00:00.59', '17/03/2016 18:45:00.59', 'Quito');
insert into servicio_mudanza values ('507', '10014', '70 Kg', '37250', '15/06/2016 14:30:00.59', '16/06/2016 18:45:00.59', 'Guayaquil');
insert into servicio_mudanza values ('509', '10010', '15 Kg', '10500', '20/07/2016 10:30:00.59', '20/07/2016 12:45:00.59', 'Ambato');
insert into servicio_mudanza values ('511', '10036', '85 Kg', '1200', '30/09/2016 19:00:00.59', '02/10/2016 11:00:00.59', 'Riobamba');
insert into servicio_mudanza values ('513', '10048', '12 Kg', '8500', '08/01/2017 13:00:00.59', '08/01/2017 20:30:00.59', 'Loja');
insert into servicio_mudanza values ('515', '10050', '50 Kg', '30500', '28/04/2017 08:00:00.59', '28/04/2017 16:30:00.59', 'Portoviejo');
insert into servicio_mudanza values ('517', '10052', '64 Kg', '27600', '27/10/2017 09:45:00.59', '27/10/2017 20:50:00.59', 'Manta');
insert into servicio_mudanza values ('519', '10058', '72 Kg', '55000', '13/12/2017 10:00:00.59', '14/12/2017 08:45:00.59', 'Quito');
insert into servicio_mudanza values ('521', '10072', '81 Kg', '42500', '26/12/2017 08:50:00.59', '27/12/2017 14:00:00.59', 'Quito');
insert into servicio_mudanza values ('523', '10078', '33 Kg', '13500', '01/02/2018 12:30:00.59', '01/02/2018 19:45:00.59', 'Guayaquil');
insert into servicio_mudanza values ('525', '10012', '22 Kg', '19650', '02/03/2018 07:30:00.59', '02/03/2018 09:45:00.59', 'Manta');
insert into servicio_mudanza values ('527', '10098', '29 Kg', '12500', '10/04/2018 08:25:00.59', '10/04/2018 11:25:00.59', 'Manta');
insert into servicio_mudanza values ('529', '10104', '42 Kg', '21000', '07/10/2018 09:00:00.59', '07/10/2018 19:05:00.59', 'Cuenca');
insert into servicio_mudanza values ('531', '10020', '66 Kg', '35500', '19/11/2018 18:30:00.59', '20/11/2018 20:00:00.59', 'Machala');
insert into servicio_mudanza values ('533', '10022', '92 Kg', '62000', '16/12/2018 08:00:00.59', '17/12/2018 21:00:00.59', 'Guayaquil');
insert into servicio_mudanza values ('535', '10018', '37 Kg', '28200', '01/02/2019 12:00:00.59', '01/02/2019 18:00:00.59', 'Guayaquil');
insert into servicio_mudanza values ('537', '10040', '98 Kg', '85850', '12/02/2019 09:45:00.59', '14/02/2019 07:00:00.59', 'Quito');
insert into servicio_mudanza values ('539', '10106', '105 Kg', '90500', '25/07/2019 15:00:00.59', '27/07/2019 11:00:00.59', 'Guayaquil');
insert into servicio_mudanza values ('541', '10012', '23 Kg', '28000', '02/11/2019 10:00:00.59', '02/11/2019 14:45:00.59', 'Quito');
insert into servicio_mudanza values ('543', '10058', '39 Kg', '19600', '14/01/2020 10:30:00.59', '14/01/2020 21:00:00.59', 'Manta');
insert into servicio_mudanza values ('545', '10100', '13 Kg', '9700', '17/07/2020 12:30:00.59', '17/07/2020 14:30:00.59', 'Cuenca');
insert into servicio_mudanza values ('547', '10020', '7 Kg', '16000', '31/10/2020 13:00:00.59', '31/10/2020 14:00:00.59', 'Guayaquil');
insert into servicio_mudanza values ('549', '10104', '57 Kg', '18250', '02/01/2021 08:30:00.59', '02/01/2021 21:30:00.59', 'Santo Domingo');
insert into servicio_mudanza values ('551', '10022', '71 Kg', '42000', '03/05/2021 11:00:00.59', '04/05/2021 10:45:00.59', 'Quito');
insert into servicio_mudanza values ('553', '10072', '24 Kg', '34000', '12/09/2021 09:45:00.59', '12/09/2021 12:00:00.59', 'Guayaquil');
insert into servicio_mudanza values ('555', '10098', '31 Kg', '31500', '27/10/2021 07:00:00.59', '27/10/2021 11:00:00.59', 'Guayaquil');

/*==============================================================*/
/*              Inserción de datos: Tabla Factura               */
/*==============================================================*/

insert into factura values ('608', '1004', '923.91', '110.87', '1034.78');
insert into factura values ('610', '1007', '531.25', '63.75', '595.00');
insert into factura values ('612', '1010', '1656.96', '198.84', '1855.08');
insert into factura values ('614', '1013', '5125.00', '615.00', '5740.00');
insert into factura values ('616', '1016', '281.19', '33.74', '314.93');
insert into factura values ('618', '1019', '7740.78', '928.89', '8669.67');
insert into factura values ('620', '1022', '85.68', '10.28', '96.00');
insert into factura values ('622', '1025', '1696.32', '204.00', '1900.32');
insert into factura values ('624', '1028', '2799.86', '335.98', '3135.84');
insert into factura values ('626', '1031', '5142.40', '617.08', '5759.48');
insert into factura values ('628', '1034', '6653.44', '798.41', '7451.85');
insert into factura values ('630', '1037', '736.50', '88.38', '824.88');
insert into factura values ('632', '1040', '471.36', '57.00', '528.36');
insert into factura values ('634', '1043', '466.02', '56.00', '522.02');
insert into factura values ('636', '1046', '1950.00', '234.00', '2184.00');
insert into factura values ('638', '1049', '3653.66', '438.44', '4092.01');
insert into factura values ('640', '1052', '6406.92', '768.83', '7175.75');
insert into factura values ('642', '1055', '925.12', '111.01', '1036.13');
insert into factura values ('644', '1058', '7087.50', '850.05', '7937.55');
insert into factura values ('646', '1061', '4312.50', '517.50', '4830.00');
insert into factura values ('648', '1040', '246.48', '29.58', '276.06');
insert into factura values ('650', '1028', '870.50', '104.46', '975.00');
insert into factura values ('652', '1019', '243.81', '29.26', '273.07');
insert into factura values ('654', '1055', '100.00', '12.00', '112.00');
insert into factura values ('656', '1040', '2188.27', '262.59', '2450.86');
insert into factura values ('658', '1019', '3803.04', '456.36', '4259.04');
insert into factura values ('660', '1034', '621.47', '74.58', '696.05');
insert into factura values ('662', '1007', '415.02', '49.80', '464.82');


/*==============================================================*/
/*        Inserción de datos: Tabla Detalle de Factura          */
/*==============================================================*/

insert into detalle_factura values ('608', '12401', '501', '23', '40.17', '923.91');
insert into detalle_factura values ('610', '12402', '503', '17', '31.25', '531.25');
insert into detalle_factura values ('612', '12403', '505', '32', '51.78', '1656.96');
insert into detalle_factura values ('614', '12404', '507', '82', '62.5', '5125.00');
insert into detalle_factura values ('616', '12405', '509', '21', '13.39', '281.19');
insert into detalle_factura values ('618', '12406', '511', '102', '75.89', '7740.78');
insert into detalle_factura values ('620', '12407', '513', '8', '10.71', '85.68');
insert into detalle_factura values ('622', '12408', '515', '38', '44.64', '1696.32');
insert into detalle_factura values ('624', '12409', '517', '49', '57.14', '2799.86');
insert into detalle_factura values ('626', '12410', '519', '80', '64.28', '5142.40');
insert into detalle_factura values ('628', '12411', '521', '92', '72.32', '6653.44');
insert into detalle_factura values ('630', '12412', '523', '25', '29.46', '736.50');
insert into detalle_factura values ('632', '12413', '525', '24', '19.64', '471.36');
insert into detalle_factura values ('634', '12414', '527', '18', '25.89', '466.02');
insert into detalle_factura values ('636', '12415', '529', '52', '37.5', '1950.00');
insert into detalle_factura values ('638', '12416', '531', '62', '58.93', '3653.66');
insert into detalle_factura values ('640', '12417', '533', '78', '82.14', '6406.92');
insert into detalle_factura values ('642', '12418', '535', '28', '33.04', '925.12');
insert into detalle_factura values ('644', '12419', '537', '81', '87.5', '7087.50');
insert into detalle_factura values ('646', '12420', '539', '46', '93.75', '4312.50');
insert into detalle_factura values ('648', '12421', '541', '12', '20.54', '246.48');
insert into detalle_factura values ('650', '12422', '543', '25', '34.82', '870.50');
insert into detalle_factura values ('652', '12423', '545', '21', '11.61', '243.81');
insert into detalle_factura values ('654', '12424', '547', '16', '6.25', '100.00');
insert into detalle_factura values ('656', '12425', '549', '43', '50.89', '2188.27');
insert into detalle_factura values ('658', '12426', '551', '60', '63.39', '3803.04');
insert into detalle_factura values ('660', '12427', '553', '29', '21.43', '621.47');
insert into detalle_factura values ('662', '12428', '555', '15', '27.68', '415.02');


/*==============================================================*/
/*             Inserción de datos: Tabla Incidencia             */
/*==============================================================*/

insert into incidencia values ('701', '539', 'Extravío de artículo(s)');
insert into incidencia values ('703', '521', 'Robo de artículo(s)');
insert into incidencia values ('705', '511', 'Daño de artículo(s)');
insert into incidencia values ('707', '503', 'Mal servicio del asesor');
insert into incidencia values ('709', '537', 'Traslado de artículos incompletos');

/*==============================================================*/
/*             Inserción de datos: Tabla Vehículo               */
/*==============================================================*/

insert into vehiculo values ('302', '10074', 'Toyota', 'TY-125');
insert into vehiculo values ('306', '10108', 'KIA', 'KIA-24B');
insert into vehiculo values ('310', '10026', 'Hyundai', 'RUSH-H21');
insert into vehiculo values ('314', '10042', 'Chevrolet', 'CHEVY-PRICELESS');
insert into vehiculo values ('318', '10016', 'Chery', 'CHERY-K25');
insert into vehiculo values ('322', '10028', 'Renault', 'ALPINE-FA2005');
insert into vehiculo values ('326', '10102', 'JAC', 'JAC-21');
insert into vehiculo values ('330', '10066', 'Mazda', 'MAZDA-MOVEMENT');
insert into vehiculo values ('334', '10034', 'Nissan', 'NISSAN-LN');
insert into vehiculo values ('338', '10080', 'FIAT', 'FIAT-POWER24');
insert into vehiculo values ('342', '10056', 'Suzuki', 'SUZUKA-KI21');
insert into vehiculo values ('346', '10020', 'BMW', 'BMW-PORTABLE-22');